{
	"name" : "omniIsland",
	"version" : "0.1.5",
	"title" : "omniIsland",
	"author" : "xyunii",
	"contact" : "xyunii@163.com",
	"homepage" : "",
	"factorio_version" : "0.17",
	"dependencies": ["base >= 0.17","omnimatter","omnilib","omnimatter_wood"],
	"description" : "When you wake up, you find yourself on a tiny desert island on this unknown planet. This module needs to be used with the omni module. You need to use the surrounding seawater as a raw material to turn this island into a planetary factory."
}
