{
  "name": "EAB",
  "version": "0.0.13",
  "factorio_version": "0.17",
  "title": "Expanded AngelBob",
  "author": "SuperSandro2000",
  "homepage": "https://forums.factorio.com/viewtopic.php?f=190&t=64247",
  "dependencies": [
    "angelssmelting >= 0.4.6",
    "angelsrefining >= 0.9.14",
    "bobassembly >= 0.16.1",
    "bobelectronics >= 0.16.0",
    "boblibrary >= 0.16.6",
    "boblogistics >= 0.16.23",
    "bobmining >= 0.16.0",
    "bobmodules >= 0.16.0",
    "bobpower >= 0.16.8",
    "? angelspetrochem >= 0.7.12",
    "? angelsindustries >= 0.1.0",
    "? bobrevamp >= 0.16.3",
    "? bobtech >= 0.16.6",
    "? bobvehicleequipment >= 0.16.2",
    "? Clowns-AngelBob-Nuclear >= 1.1.0",
    "? Clowns-Processing >= 1.3.1",
    "? expanded-rocket-payloads >= 0.16.6",
    "? extendedangels >= 0.1.6",
    "? ShinyIcons >= 0.16.20",
    "? SpaceMod >= 0.3.16"
  ],
  "description": "This mod gives Expanded Rocket Payloads the AngelBob treatment."
}
