{
  "name": "clock",
  "version": "0.17.7",
  "factorio_version": "0.17",
  "title": "Clock",
  "author": "Dentatus and Bobingabout",
  "contact": "Private",
  "homepage": "https://forums.factorio.com/viewforum.php?f=51",
  "dependencies": [
    "base >= 0.17.0"
  ],
  "description": "Adds a clock to the top left corner of the screen that tells you the game world's time.\nClick the clock for a panel with more information about the world.\n\nOriginal clock by Dentatus\nAdditional features inspired by tungsten33"
}
