{
  "name": "boblocale",
  "version": "0.17.5",
  "factorio_version": "0.17",
  "title": "Bob's Locale Translations",
  "author": "Karosieben, Bobingabout",
  "contact": "karosieben.playsgames@gmail.com",
  "homepage": "http://www.factorioforums.com/forum/viewforum.php?f=51",
  "description": "Adds translations for Bob's mods, ShinyBob and other supporting mods for Bob's from the Community. Contributors: Bobingabout, Talon, Alexandehorst, Killwort, ChristianBeer, xganzx, sore68, scarsick, Sturmfalke,  somaplus, mrtska, bethouxa, Azertooth, Chicos123, Lorex, Cool-T, Dawider10, Wesdesignz, burunduk, dima-nixx, SperraDoz, davv, depoz0, IamIpanda, Ronkhar, z1124124, TharagonX, Firerazer, RikkiLook, Apsimati, Xagros, asyariruby, shirutan, Schmarotzer, k98a, LMBlackWolf, willy04wu69, qmffodlzm2099, Flutterella",
  "dependencies": ["base >= 0.17.0", "boblibrary >= 0.17.0", "? ShinyBobGFX >= 0.17.0", "? bobsflowcontrol-updated >= 1.0.5"]
}
