{
  "name": "SchallTransportGroup",
  "version": "0.17.2",
  "title": "Transport Group",
  "author": "Schallfalke",
  "email": "",
  "homepage": "https://mods.factorio.com/mod/SchallTransportGroup",
  "contact": "",
  "description": "Put transport subgroup into a separate new “Transport” group tab, containing all vanilla and most modded vehicles.\nDesigned for players who have lots of modded vehicles cluttering the “Logistics” tab.",
  "factorio_version": "0.17",
  "dependencies": ["base >= 0.17.0"]
}